,text,favourite_count,retweet_count,created_at
0,"Celebrating 11 years of #Ko  
Tollywood Best Uh Film 

@JiivaOfficial  #KVAnand 
@Jharrisjayaraj @karthikanair9  https://t.co/B4dAGWSBJG",0,0,2022-04-22 08:38:06+00:00
1,Celebrating #11YearsofKO one of the biggest blockbuster from Tamil Cinema. @JiivaOfficial @KarthikaNair9 @PiaBajpai  https://t.co/vhJC8H4OVt,1,0,2022-04-22 08:18:38+00:00
2,@davidobrother Yawns.... All these ranters no concern me. My problem Na the 20k wey I urgently be my problem right  https://t.co/SgjCz6YXA0,0,0,2022-04-22 07:59:44+00:00
3,"Celebrating 11 years of #Ko  

@JiivaOfficial  #KVAnand 
@Jharrisjayaraj @karthikanair9 @PiaBajpai #Ajmal  https://t.co/ya5FeaJSiO",83,7,2022-04-22 05:51:15+00:00
4,"How And Where To Buy KO RUNE - https://t.co/ZDm1pSh5IQ (KO) - Step By Step Guide

$KO #KORUNE-Rune.Game #KO  https://t.co/4SfAOjdxtf",0,0,2022-04-22 05:17:05+00:00
5,"  Welcome the second member of K.O, Anthony (   ) ! 

2/6 roles are taken!

audition threw google forms in our b  https://t.co/61dUgVyvn0",0,0,2022-04-22 05:13:58+00:00
6,"Are you still in waiting? 

Journey to the moon has just started  
Join the family of 9000+ Koubekian   https://t.co/RmAYv4OyPa",18,2,2022-04-22 04:06:21+00:00
7,"Super quick drawing this morning of Cornelian getting smacked with a fish.
#DnD #KO #lol https://t.co/I4yReB2lS4",2,1,2022-04-22 03:48:40+00:00
8,HOME SWEET HOME #KO TIME,0,0,2022-04-22 03:13:10+00:00
9,"Wholesome fight  
Thoughts  
#KO #Knockout #Streetfight #fight #fightvids #fightvideos #hoodfights #hoodfight  https://t.co/ZUqTxi0nsa",33,0,2022-04-22 02:16:31+00:00
10,"#KO #Knockout #Streetfight #fight #fightvids #fightvideos #hoodfights #hoodfight 
#fightpage #fights #hoodmemes  https://t.co/oPNTkBRF1v",2,0,2022-04-22 02:06:37+00:00
11,Break Me (feat. K.O.) https://t.co/OdA8fwt7dl via @YouTube #WDMV362RADIO BRAND NEW #Sunstone x #KO #Ultima LISTEN U  https://t.co/0qNgND3KmF,0,0,2022-04-22 01:35:32+00:00
12,@MyFirstBurner1 Gator went tap tap to those cops #KO d  ,1,0,2022-04-22 00:46:38+00:00
13,"Dayum   

#KO #Knockout #fight #fightvids #fightvideos #streetfight https://t.co/f0gA0T5VyW",317,14,2022-04-21 23:56:22+00:00
14,"Hey!! 8.5x11 Art Prints are now available in my Ko-fi Shop!! https://t.co/4X4vfhpO3j
#ko-fi #artprints #forsale  https://t.co/yV7OP3O6HF",1,0,2022-04-21 23:33:22+00:00
15,"#weekend2 #coachella / Week one tried to take me out, but I m back to #KO this #bag like #miketyson   #festival  https://t.co/1pHYdp2mLl",0,0,2022-04-21 23:29:08+00:00
16,"TONIGHT AT MIDNIGHT!!! Get ya playlists ready  
#NewMusicFriday #purple #KO https://t.co/JosSgH9ug9",0,0,2022-04-21 23:28:25+00:00
17,"///
Selador Sessions 153 | 
@djAnthonyPappa 
bY  @SeladorRecs
---------------------
#HouseMusic/#Technomusic  https://t.co/QLNcd2UNM5",0,0,2022-04-21 23:03:47+00:00
18,"A Dialectic Perspective on the Evolution of Thesauri and Ontologies 

Maziar Amirhosseini

Available at:  https://t.co/bd1DiOCoei",0,0,2022-04-21 23:00:00+00:00
19,"Even WORSE the Niger guy called her his lockdown snack...  

#KO! #DONE!  

GAME OVER!",0,0,2022-04-21 22:32:59+00:00
20,"It's not a good look if you're a #fighter...
and nearly get knocked out...
by your BREAKFAST. 

#Knockouts #KO  https://t.co/EzTLxdQmSj",0,0,2022-04-21 22:01:49+00:00
21," BITCH!!!  Slammed his ass lol
Thoughts  
#KO #Knockout #Streetfight #fight #fightvids #fightvideos #hoodfights  https://t.co/N69DwDMH7Y",21,0,2022-04-21 21:36:29+00:00
22,"Bro was still standing after those head shots Thoughts 
#KO #Knockout #Streetfight #fight #fightvids #fightvideos  https://t.co/VkwmKtycJN",23,2,2022-04-21 21:35:49+00:00
23,"Cop was draggin they shit  
Thoughts  
#KO #Knockout #Streetfight #fight #fightvids #fightvideos #hoodfights  https://t.co/m0kGZCfvSn",31,2,2022-04-21 21:34:11+00:00
24,"Damn had bro doggy style 

Thoughts  
#KO #Knockout #Streetfight #fight #fightvids #fightvideos #hoodfights  https://t.co/Fd5pBsHVr6",53,0,2022-04-21 21:33:17+00:00
25,"Damn big boy got hands
 
Thoughts  
#KO #Knockout #Streetfight #fight #fightvids #fightvideos #hoodfights  https://t.co/goAnyUVFbI",26,1,2022-04-21 21:32:46+00:00
26,"Acting tuff goes wrong  
Thoughts  
#KO #Knockout #Streetfight #fight #fightvids #fightvideos #hoodfights  https://t.co/zm0UrBooUJ",28,1,2022-04-21 21:31:39+00:00
27,"Thoughts 
Ash VS Jango Fett
(Apex Legends VS Star Wars)

#Fanart #ConceptArt #Concepts #MatchUps #Fights #Cartoon  https://t.co/Lq3az2mLnq",0,0,2022-04-21 20:42:58+00:00
28,"Check out my #KO https://t.co/JtY2FFTA4r 

CocaCola. Yes if this one drops mucho well then the end is near...:) Can  https://t.co/ZImXq1Y1dl",5,0,2022-04-21 19:18:57+00:00
29,"Day 882

I want #KevinOwens #WWE #Undisputed #Universal Champion in the Main Event of #WrestleMania39 @WWE  https://t.co/UZqpmVpWiy",1,0,2022-04-21 18:47:39+00:00
30,"Sheesh....that boy caught them hands from #IronMikeTyson on the #airplane .
He still #RockEmSockEm #KO!",1,0,2022-04-21 16:53:10+00:00
31,"#KO the volume was pretty normal, similarly to recent days: 11,764,545 shares traded. The 20-day average volume is  https://t.co/8sapd65d8v",0,0,2022-04-21 16:09:30+00:00
32,  FUD mongols Hit then with the Left Right Left #KO 460% Fundamentally   Not Gold  https://t.co/4OOjcxLtQR https://t.co/ZdYxcvp7Ak,0,0,2022-04-21 15:50:52+00:00
33,"#mzansi  #KO @MrCashtime  

 
Coz everyone deserves to feel and look nice   https://t.co/57qXQakQAl",0,0,2022-04-21 15:30:44+00:00
34,Who want this work #Online in #UFC4  I'm straight #Savage lol  #Fight #KO #PS4 #ImGemini80 #Gamer #UFC #Boxing  https://t.co/f7QvR5BWt8,1,0,2022-04-21 14:40:58+00:00
35,[Trailer] Midnight Sun / ROOK &amp; KO-KO https://t.co/rzcNtOq5H0 #ROOK #KO-KO #MidnightWorks,0,0,2022-04-21 13:15:27+00:00
36,Celebration Begins Of #KO Today 6pm On Murasu &amp; #11YearsOfBlockbusterKO Best Directional in #RememberingKVAnand &amp;  https://t.co/lTwj0K3A9g,7,1,2022-04-21 11:55:46+00:00
37,@KnownOrigin_io Night-time in Melbourne @KnownOrigin_io but happy  two of our pieces on #KO selected for @mondoir  https://t.co/hQfiCGETqr,0,0,2022-04-21 09:31:10+00:00
38,"  Welcome the first member of K.O, Kai (   ) ! 

1/6 roles are taken!

audition threw google forms in our bio!  https://t.co/D17HuZyAqM",0,0,2022-04-21 04:30:07+00:00
39,"Talking shit after getting beat up for saying the N-Word  
Thoughts 
#KO #Knockout #Streetfight #fight  https://t.co/A1AwQxikG5",142,5,2022-04-21 04:29:54+00:00
40,J Herbert V Cyborg   STILL UNDEFEATED 42-4-0 #HerbertVCyborg #KO,0,0,2022-04-21 02:06:50+00:00
41,"  INPOKER INTRODUCES NEW TYPES OF TOURNAMENTS!  

  Eliminate your opponents in PKO/KO, get for a quick win in ac  https://t.co/tNt6OHSMQ3",3,2,2022-04-21 02:00:27+00:00
42,"Send me your videos to this sound  

.
.
.

#ukdrill #drill #melodicdrill #newtrend #NewMusicFriday #KO #tekken  https://t.co/fYSVEoXzSS",2,0,2022-04-20 23:45:09+00:00
43,@SpeedStreetPod @MarcoAndretti @AlexanderRossi @ConorDaly22 @Hinchtown I did it with Kevin Olson.  Great trip and m  https://t.co/7pcC6ZD1jq,0,0,2022-04-20 23:15:25+00:00
44,Simeon Powell wins via 3rd round KO. Brutal knee on the exit of clinch. He was not trying to coast to a decision. F  https://t.co/lbLPDpsXX0,1,0,2022-04-20 22:26:50+00:00
45,Day 10008365893 of missing @KennyOmegamanX lol Can't wait for your return! I hope you're feeling well and better.   https://t.co/M9CJIySgNS,0,0,2022-04-20 22:07:06+00:00
46,"Thoughts 
Lois Griffin VS Wii Fit Trainer
(Family Guy VS Wii Fit)

#Fanart #ConceptArt #Concepts #MatchUps #Fights  https://t.co/RdRnQWkOzb",0,0,2022-04-20 21:18:39+00:00
47,When a professional boxer tells you he s been training since he was in pampers   #KO #futureChamp #lol #madeboxer https://t.co/8GDjRIBsGv,0,0,2022-04-20 21:14:31+00:00
48,"How I m handling all my life dramas right now  

  @hayabusacombat 

#uppercut #99problems #solutions #ko #boxing  https://t.co/M5zYbRswcW",6,0,2022-04-20 19:53:44+00:00
49,"Day 881

I want #KevinOwens #WWE #Undisputed #Universal Champion in the Main Event of #WrestleMania39 @WWE  https://t.co/PIprXb338U",1,0,2022-04-20 18:54:10+00:00
50,"When board members decide to settle the meeting with blows

 Sensitive Content ASF  
 Follow for more fights
#hood  https://t.co/eFK9EEsj6u",6,0,2022-04-20 18:48:11+00:00
51,"The bitch is out of control

 Sensitive Content ASF  
 Follow for more fights
#hood #hoodfights #knockout #KO  https://t.co/euRdVTiXWX",32,3,2022-04-20 18:35:38+00:00
52,"No blows, only kicks

 Sensitive Content ASF  
 Follow for more fights
#hood #hoodfights #knockout #KO #trending  https://t.co/DByuRwViLk",8,1,2022-04-20 18:34:46+00:00
53,"He deserves the whopping

 Sensitive Content ASF  
 Follow for more fights
#hood #hoodfights #knockout #KO  https://t.co/y9fe4ZFKjA",40,3,2022-04-20 18:28:41+00:00
54,"The laughs are brutal

 Sensitive Content ASF  
 Follow for more fights
#hood #hoodfights #knockout #KO #trending  https://t.co/46ZlSLeUhg",35,3,2022-04-20 18:26:39+00:00
55,"The camera woman deserves a commentator job 
Sensitive Content ASF  

 Follow for more fights
#hood #hoodfights  https://t.co/kGx37Tr0UE",63,4,2022-04-20 18:25:21+00:00
56,"Nothing goes unpunished

Sensitive Content ASF  
 
 Follow for more fights
#hood #hoodfights #knockout #KO  https://t.co/LG28VzFp3X",11,2,2022-04-20 18:23:17+00:00
57,"Um, @b_reese2 is a genius   #KO https://t.co/50FN5roiqK",3,0,2022-04-20 17:18:39+00:00
58,"KOUMETTIS NIKOLAOS sold 153466 shares of #KO (COCA COLA CO) @ ~$65.03

BACON ASHLEY (Chief Risk Officer) sold 21012  https://t.co/s7MUsIrt6B",0,0,2022-04-20 15:45:39+00:00
59,#schoolfights #girlfights #fights #hoodfights #fight #girlfight #fighting #boyfights #fistfight #highschoolfight  https://t.co/zVbS7DCUjE,5,0,2022-04-20 14:42:20+00:00
60,[Trailer] Midnight Sun / ROOK &amp; KO-KO https://t.co/rzcNtOq5H0 #ROOK #KO-KO #MidnightWorks,0,0,2022-04-20 13:15:27+00:00
61,Our bid to sponsor @DillianWhyte in #FuryWhyte blocked by the other side as @Tyson_Fury has an energy drink apparen  https://t.co/4O0LqGXcjx,9,1,2022-04-20 13:14:48+00:00
62,"@KnownOrigin_io GM, just finding inspiration to create art which would be the first drop on #KO",0,0,2022-04-20 12:39:45+00:00
63,"Yayindayiz bizzz
Twitch-candybabies 
#twitch #knightonline #ko https://t.co/eM7ga6yZ0m",4,0,2022-04-20 12:36:40+00:00
64,"Anatomy of a Scandal s Finale Falls Into Its Own Trap
https://t.co/gxOLeyFoWn #hollywoodentertainmentnews #ko https://t.co/OOh1I2GU6T",0,0,2022-04-20 11:54:15+00:00
65,Full fight here - https://t.co/7hQiubdjuG #YouTube #Boxing #KO #MooreDurelle #Classic,0,0,2022-04-20 08:56:51+00:00
66,@mjoanuh ATE BUBS HARLEXIA PREN??????#DI #KO #TO #LABLAYP,0,0,2022-04-20 05:42:27+00:00
67,Can t wait to see some #KO s https://t.co/wxwxz3th1N,1,0,2022-04-20 03:37:58+00:00
68,@jakepaul @MostVpromotions @Serranosisters I m trying to go!!!!!! Serrano got this one! #KO,0,0,2022-04-20 03:23:16+00:00
69,"Like and subscribe!!!! #UFC4 #KO
https://t.co/amG3EO1pxV",0,0,2022-04-19 23:15:44+00:00
70,Oh Lordy lord lord   #Jesus #fight #Sleep #KO https://t.co/TPx1k796ws,0,0,2022-04-19 22:37:57+00:00
71,"Jake Paul with the devastating Knockout. 

Rate Paul's KO of 10.

#fightgistmedia #boxing #JakePaul #boxingknockout  https://t.co/efvnaYhRIM",2,0,2022-04-19 22:26:08+00:00
72,"The best part about working out regularly is THE SLEEP.   

My after-workout-naps be HITTING! #KO",2,0,2022-04-19 20:58:55+00:00
73,"Shikimori (Shikimori's Not Just a Cutie) VS Super Pink (Pink Panther)

Thoughts 
#Fanart #ConceptArt #Concepts  https://t.co/8AT0ExOTM6",1,0,2022-04-19 20:03:12+00:00
74,#KO THE COCA-COLA COMPANY (KO) https://t.co/SaUnh79eAP,2,0,2022-04-19 19:39:07+00:00
75,"Between the raindrops, I was able to catch a bit of sun. Today turned out to be great. Awesome good news. Still smi  https://t.co/BH17T6DCtY",2,0,2022-04-19 19:05:41+00:00
76,"Between the raindrops, I was able to catch a bit of sun. Today turned out to be great. Awesome good news. Still smi  https://t.co/3NBagQLXYj",1,0,2022-04-19 19:05:21+00:00
77,"Between the raindrops, I was able to catch a bit of sun. Today turned out to be great. Awesome good news. Still smi  https://t.co/ug5MR27CfG",3,1,2022-04-19 19:05:06+00:00
78,"Day 880

I want #KevinOwens #WWE #Undisputed #Universal Champion in the Main Event of #WrestleMania39 @WWE  https://t.co/tm4UNvwlo4",0,0,2022-04-19 18:45:18+00:00
79,"$KO - KOUMETTIS NIKOLAOS sold 306932.0 shares of Common Stock worth $15,751,696.53 in 3 transaction(s) on 2022-04-18  #KO",0,0,2022-04-19 18:15:10+00:00
80,@RobinBrooksIIF I knew BALD GUY before he was famous! #KO,0,0,2022-04-19 16:58:03+00:00
81,Extended fight highlights here - https://t.co/ieUTALhsqu #YouTube #Boxing #Classic #KO #LouisConn,0,0,2022-04-19 15:05:09+00:00
82,"Two SLAPS from  Coach Killa,  and  Achilles  takes a nap at SlapFIGHT!

#slapfight #slapcontest #slapfighting  https://t.co/MpzBpDoRzi",14,6,2022-04-19 15:00:19+00:00
83,Full fight (6 seconds) here - https://t.co/cIO7HpnVXY #YouTube #Boxing #KO #LightsOut #TeteGonya,0,0,2022-04-19 14:43:34+00:00
84,Full fight here - https://t.co/7TfCFM383I #YouTube #Boxing #DempseyFirpo #Classic #KO,0,0,2022-04-19 14:34:58+00:00
85," Liberty 

@KnownOrigin_io 

#KO #KOmmunity #knownorigin https://t.co/qLg6Gda0uP",8,2,2022-04-19 14:17:39+00:00
86,[Trailer] Midnight Sun / ROOK &amp; KO-KO https://t.co/rzcNtOq5H0 #ROOK #KO-KO #MidnightWorks,0,0,2022-04-19 13:15:27+00:00
87,I woke up finding myself missing my dear friend Felix Silla. We have appeared at many comic cons together &amp; always  https://t.co/t5ULeOQyGz,1,0,2022-04-19 12:03:30+00:00
88,I woke up finding myself missing my dear friend Felix Silla. We have appeared at many comic cons together &amp; always  https://t.co/QtDOwUsOsW,1,0,2022-04-19 12:03:12+00:00
89,I woke up finding myself missing my dear friend Felix Silla. We have appeared at many comic cons together &amp; always  https://t.co/SKzFextWUp,4,0,2022-04-19 12:02:51+00:00
90,"Why are they fighting

Sensitive Content ASF  
 
 
#hood #hoodfights #knockout #KO #trending
#fightvideos #fight  https://t.co/0Ixr4g9RQ9",7,0,2022-04-19 11:56:31+00:00
91,"Be aware she is coming for you

Sensitive Content ASF  
 
 
#hood #hoodfights #knockout #KO #trending
#fightvideos  https://t.co/lpfWECTTYB",6,0,2022-04-19 11:33:39+00:00
92,"Bitch fights are chaotic

Sensitive Content ASF  
 
 
#hood #hoodfights #knockout #KO #trending
#fightvideos  https://t.co/nGhBnSChmr",3,1,2022-04-19 11:30:13+00:00
93,"Love to see bitches fighting?

Sensitive Content ASF  
 
 
#hood #hoodfights #knockout #KO #trending
#fightvideos  https://t.co/chION6reW5",4,0,2022-04-19 11:28:56+00:00
94,"He won't be distracted from finishing his assignment

Sensitive Content ASF  
 
 
#hood #hoodfights #knockout #KO  https://t.co/q1OUGaPKkE",3,0,2022-04-19 11:26:22+00:00
95,"He his just defenceless

Sensitive Content ASF  
 
 
#hood #hoodfights #knockout #KO #trending
#fightvideos #fight  https://t.co/DBtRYeiYNp",4,0,2022-04-19 11:24:38+00:00
96,"Never mess with his girl 

Sensitive Content ASF  
 
 
#hood #hoodfights #knockout #KO #trending
#fightvideos  https://t.co/W03VlHOfQf",5,0,2022-04-19 11:23:03+00:00
97,"Hood fights are something else

Sensitive Content ASF  
 
 
#hood #hoodfights #knockout #KO #trending
#fightvideos  https://t.co/sb51lFgL1j",6,0,2022-04-19 11:21:09+00:00
98,"This fight is messy

Sensitive Content ASF  
 
 
#hood #hoodfights #knockout #KO #trending
#fightvideos #fight  https://t.co/ZR7cjlMrVb",3,0,2022-04-19 11:19:37+00:00
99,"Bitches fights are messy

Sensitive Content ASF  
 
 
#hood #hoodfights #knockout #KO #trending
#fightvideos  https://t.co/YEc9wv9Ny7",7,0,2022-04-19 11:16:43+00:00
100,"You can't hit someone and expect to just walk away. 

Sensitive Content ASF  
 
 
#hood #hoodfights #knockout #KO  https://t.co/CvG0z1KRHl",5,1,2022-04-19 11:15:32+00:00
101,"You can't outrun the bin

Sensitive Content ASF  
 
 
#hood #hoodfights #knockout #KO #trending
#fightvideos  https://t.co/TvV4XiRism",13,0,2022-04-19 11:13:59+00:00
102,"Let that Marijuana not lie to you

Sensitive Content ASF  
 
 
#hood #hoodfights #knockout #KO #trending  https://t.co/8itCWX8iXk",7,0,2022-04-19 11:12:26+00:00
103,"When the society does not need you anymore

Sensitive Content ASF  
 
 
#hood #hoodfights #knockout #KO #trending  https://t.co/Vtbsd8hMjA",4,0,2022-04-19 11:11:39+00:00
104,"It escalated real quick bro

Sensitive Content ASF  
 
 
#hood #hoodfights #knockout #KO #trending
#fightvideos  https://t.co/etmeY2kbb9",8,2,2022-04-19 11:09:19+00:00
105,"Do not miss the next KO Research Observatory event ""Doing bibliometrics responsibly"" on 27 Apr with @LudoWaltman ""O  https://t.co/ZzlvtcnvG6",12,7,2022-04-19 09:54:33+00:00
106,"I'm afraid I'm still quite sick guys!

So I'll be postponing today's stream until Friday which will either be anoth  https://t.co/EbfpjejJVh",11,1,2022-04-19 09:34:27+00:00
107,"I've just created some Tiers on Ko-Fi! Looking to support some creators and (hopefully) be supported!!

Check them  https://t.co/pkk9oU2TBO",1,1,2022-04-19 09:00:02+00:00
108,I suppose I should work more....but instead I do this. #Danhausen #AssBoys #AEW  #KO #Ezekiel #WWERaw  https://t.co/iSG57AJQ5u,1,0,2022-04-19 07:15:48+00:00
109,"Conor is back! Who do you like to see him fight?

Follow @warriorcode2020 for more! 

  Join Warrior Code   https://t.co/MyNBztTbDh",0,0,2022-04-19 06:02:27+00:00
110,"What s up everyone, here is a summary of how this weekend went. I know I m late on this but I wanted to tell you gu  https://t.co/AJTgN86kOl",0,0,2022-04-19 04:55:52+00:00
111,"17. Spence vs Ugas HIGHLIGHTS: April 16, 2022 | PBC on Showtime PPV
https://t.co/Q6YWPwZE6O

#Boxing #PBC  https://t.co/4kOuU29sGc",0,0,2022-04-19 04:00:21+00:00
112,"When everything conspires against you

Sensitive Content ASF  
 
 
#hood #hoodfights #knockout #KO #trending  https://t.co/ceCOtgAO9l",66,1,2022-04-19 03:50:55+00:00
113,Damn   #BSPWM #DJKaySlay #SHAKEIT #KO #kickboxing #MondayMotivation #NewarkWildlyfe #JerseyCity #Lmao #Boxing  https://t.co/Qy3OMUhwFg,0,0,2022-04-19 03:39:10+00:00
114,"School bathroom fight  
Thoughts 
#KO #Knockout #Streetfight #fight #fightvids #fightvideos #hoodfights #hoodfight  https://t.co/gTcqljrHhg",48,5,2022-04-19 03:07:23+00:00
115,"Damn she was ready to kill 

Thoughts 
#KO #Knockout #Streetfight #fight #fightvids #fightvideos #hoodfights  https://t.co/JlDcFNGn7Q",69,4,2022-04-19 03:05:33+00:00
116,"What a WEAK finish for Cody Rhodes vs. Kevin Owens.  
-It doesn t get Cody over
-It buries KO
-Does nothing for Rol  https://t.co/I56fVJelOn",2,0,2022-04-19 03:02:51+00:00
117,"Karen vs Karen

Thoughts 
#KO #Knockout #Streetfight #fight #fightvids #fightvideos #hoodfights #hoodfight  https://t.co/ObGbeDKCqT",43,2,2022-04-19 02:57:58+00:00
118,"@johnrclark12 They gave two segments of the guy on the stretcher being carried on TV, one during #KO's entrance and  https://t.co/wCYUItUpSb",0,0,2022-04-19 02:42:36+00:00
119,KO and Ezekiel need a match at #WMBacklash! #WWERaw #WMBacklash #KO #Ezekiel https://t.co/JlRYWpQHUp,1,0,2022-04-19 01:14:23+00:00
120,"Is he paying you more then i am  
Bruh @FightOwensFight promos are always golden man  
#WWERaw #kevinowens #ko https://t.co/P5FHUbrRC7",0,0,2022-04-19 01:13:59+00:00
121,#KO and #Ezekiel storyline is  !! Each week it gets better and better! #WWERaw  #Ezekiel https://t.co/PFkZ2UawnH,2,0,2022-04-19 01:09:50+00:00
122,"-May 28th fight card prediction-
               Davis vs rolly                   Erislandy Lara vs Jose Benevidez R  https://t.co/MBGH7nQuqz",0,0,2022-04-19 00:38:57+00:00
123,@jakepaul @Ashtonsylveh2o @MostVpromotions Look at you @jakepaul you may think you re a hotshot but you ve done not  https://t.co/LROHObB8U6,0,0,2022-04-18 23:57:53+00:00
124,"11. FIGHT HIGHLIGHTS | Conor Benn vs. Chris van Heerden
https://t.co/uMvSxgEWWV

#dazn #boxing #highlights  https://t.co/Wx3mXEHiv3",0,0,2022-04-18 23:00:28+00:00
125,"9. Spence vs Ugas HIGHLIGHTS: April 16, 2022 | PBC on Showtime PPV
https://t.co/zGktOMqQn9

#Boxing #PBC  https://t.co/vTALSfP6Vh",0,0,2022-04-18 23:00:27+00:00
126,"THE NBA IDENTIFICATIONS ARE THE INTELLECTUAL PROPERTY OF NBA PROPERTIES, INC. AND THE RESPECTIVE NBA MEMBER TEAMS.  https://t.co/d6YdpleWOi",0,0,2022-04-18 21:23:45+00:00
127,#injured and down will this #Begonia make it! #storm #ko #plant and snapped it at the base of the #stem I decided t  https://t.co/2blQvnnfsy,1,2,2022-04-18 20:26:59+00:00
128,"bro came in with the mike tyson head movement too...

#knockout #fights #fightvideos #streetfight #bathroomfight  https://t.co/tXfaEEhDFQ",42,1,2022-04-18 20:19:12+00:00
129,"This Is What @casspernyovest Should've Done   To @NaakMusiQ  .

#KO   https://t.co/UxwPbTkX0d",0,0,2022-04-18 19:53:11+00:00
130,"Day 879

I want #KevinOwens #WWE #Undisputed #Universal Champion in the Main Event of #WrestleMania39 @WWE  https://t.co/fo2lPMBb8T",1,0,2022-04-18 19:39:17+00:00
131,https://t.co/Y25sqKOSw1 if you want to support me you can use this epicstore code RBR #ilkerrbr #best #sim  https://t.co/ubopJNwhrF,2,3,2022-04-18 18:40:22+00:00
132,"$KO - QUAN NANCY sold 75335.0 shares of Common Stock worth $3,786,779.00 in 3 transaction(s) on 2022-04-14  #KO",0,0,2022-04-18 18:34:10+00:00
133,I can't wait to see my friends Tina Ramos Bill Diamond at Chiller Theatre convention at the Hilton Parsippany NJ Ap  https://t.co/8jsu0xZL0T,1,0,2022-04-18 18:27:01+00:00
134,I can't wait to see my friends Tina Ramos Bill Diamond at Chiller Theatre convention at the Hilton Parsippany NJ Ap  https://t.co/NRYH2E1YNP,7,2,2022-04-18 18:26:30+00:00
135,"Ko-Fi Memberships Available: 
$1, $5 &amp; $10/month options 
- pay via PayPal or use Stripe options
- get discounts fo  https://t.co/lHhXwJ5vqw",0,0,2022-04-18 17:40:58+00:00
136,"Fights in Africa are something else

Sensitive Content ASF  
 
 
#hood #hoodfights #knockout #KO #trending  https://t.co/Ju1TpfLwTI",11,1,2022-04-18 17:04:15+00:00
137,What is your sentmiment on $KO #KO this week? #wallstreetmooners #StockWatch #wallstreetmooners  https://t.co/jrNmP2faFB,0,0,2022-04-18 13:26:09+00:00
138,[Trailer] Midnight Sun / ROOK &amp; KO-KO https://t.co/rzcNtO7WsS #ROOK #KO-KO #MidnightWorks,0,0,2022-04-18 13:15:28+00:00
139,"Watch HEN Hollywood Entertainment News on the 360tvn app. Get it at the App. Store and Google Play. Also, catch it  https://t.co/O0Or71IUQr",2,0,2022-04-18 12:33:32+00:00
140,"Watch HEN Hollywood Entertainment News on the 360tvn app. Get it at the App. Store and Google Play. Also, catch it  https://t.co/EWGbUgPDFN",1,0,2022-04-18 12:32:54+00:00
141,"Watch HEN Hollywood Entertainment News on the 360tvn app. Get it at the App. Store and Google Play. Also, catch it  https://t.co/uV30RdBFqT",1,0,2022-04-18 12:32:29+00:00
142,"Footwork drills for you to try  Tag a friend! 

Follow @warriorcodeofficial for more! 

#WARRIORCODE

----  https://t.co/DlLwlw9p5f",12,1,2022-04-18 11:47:11+00:00
143,@Goddess__Faith1 As Catwoman Knocked Out &amp; Captured is now available at the official clip store. (Video preview wou  https://t.co/a76RT8Myhu,6,2,2022-04-18 11:09:02+00:00
144,"#LyricsOfTheDay  

  https://t.co/LwixiUvZyi

  #EnnamoYeadho from #Ko https://t.co/AnUvDSfqGR",149,19,2022-04-18 09:46:52+00:00
145,How To Knock Someone Out https://t.co/IvuyfD6Qb0 via @YouTube #onepunchman #ko,0,1,2022-04-18 07:33:04+00:00
146,Davidson to Bantry Bay #kayaksydney #kayakingadventures #kayakingolivers #KO #kayaking #stingray https://t.co/jkWGBXXVzW,0,0,2022-04-18 06:45:15+00:00
147,"4. Spence vs Ugas HIGHLIGHTS: April 16, 2022 | PBC on Showtime PPV
https://t.co/Q6YWPwZE6O

#Boxing #PBC  https://t.co/InlrZEQF6O",0,0,2022-04-18 04:00:17+00:00
148,Every time Joseph Benavidez has lost I ve genuinely thought he might be dead lmaooo   #ufc #josephbenavidez  https://t.co/rorihgA9R2,6,1,2022-04-18 03:39:37+00:00
149,"Hope he washed his hands afta that 777  

#schoolfights #girlfights #fights #hoodfights #fight #girlfight  https://t.co/Jf3AFX5UmN",2443,182,2022-04-18 00:52:38+00:00
150,Ma'am down! #BLM #KO https://t.co/2tpnxW4xjX,4,2,2022-04-18 00:00:27+00:00
151,The only wrestling figure I need is of @FightOwensFight #ko #wwe #elite https://t.co/l20A78j2jg,1,0,2022-04-17 23:30:40+00:00
152,"Even in our world of instant technology and information, there is still nothing more powerful than old fashioned wo  https://t.co/DUpNwCHZV2",0,0,2022-04-17 20:08:24+00:00
153,"Day 878

I want #KevinOwens #WWE #Undisputed #Universal Champion in the Main Event of #WrestleMania39 @WWE  https://t.co/aHJm6qOFN5",1,0,2022-04-17 18:49:47+00:00
154,ko-fi in bio if interested! #Ko-fi #commissionsopen #artist #Procreate https://t.co/kSxeUdxGcV,11,8,2022-04-17 17:40:42+00:00
155,"He was winning until he hit the teacher

Sensitive Content ASF  
 
 
#hood #hoodfights #knockout #KO #trending  https://t.co/C3wF3h2Wgz",259,6,2022-04-17 17:12:21+00:00
156," BLAST BOUNTY KO TEXAS HOLDEM 100 BUSD GTD 

 The last tournament of the Series!

 For Regular players and Elite  https://t.co/yPBb1A1FnV",2,1,2022-04-17 15:00:38+00:00
157,@UroojArifkhan Kindly recheck your # is trha to wrong #ko promot kr rhy hain hum is trend mein bht sary aj wrong #k  https://t.co/WosGiq7eqj,0,0,2022-04-17 14:52:26+00:00
158,@FourFourTwo Semi Finals away from @wembleystadium &amp; get the final back to a 3pm #KO,2,0,2022-04-17 14:51:52+00:00
159,[Trailer] Midnight Sun / ROOK &amp; KO-KO https://t.co/rzcNtOq5H0 #ROOK #KO-KO #MidnightWorks,0,0,2022-04-17 13:15:27+00:00
160," Daily Special KO Texas Hold'em 100 BUSD GTD  

  If you crave daily action-packed tournaments, then this is for yo  https://t.co/GroQnn1A5v",1,1,2022-04-17 11:00:24+00:00
161,"Thoughts 
Kirito VS Link
(Sword Art Online VS Zelda)

#Fanart #ConceptArt #Concepts #MatchUps #Fights #Cartoon  https://t.co/Pjt1IJ8hbS",0,0,2022-04-17 10:29:49+00:00
162,"A respect for the wig. It ended the fight

Sensitive Content ASF  
 
 
#hood #hoodfights #knockout #KO #trending  https://t.co/wFKvah1Ko0",9,0,2022-04-17 07:19:12+00:00
163,"Crawford KOs ""Against who?"" Derreck James questions Terence Crawfords opponents!

https://t.co/OrSZqsmQUh  https://t.co/XwZRHWv2ty",1,0,2022-04-17 07:11:59+00:00
164,"Sent to sleep. Goodnight

Sensitive Content ASF  
 
 
#hood #hoodfights #knockout #KO #trending
#fightvideos  https://t.co/WCqri2nL1s",8,0,2022-04-17 06:53:42+00:00
165,"On steroids

Sensitive Content ASF  
 
 
#hood #hoodfights #knockout #KO #trending
#fightvideos #fight #fights  https://t.co/plFm3DrGCR",48,0,2022-04-17 06:51:37+00:00
166,"Sent down with a spear

Sensitive Content ASF  
 
 
#hood #hoodfights #knockout #KO #trending
#fightvideos #fight  https://t.co/XAHB9IFxnC",10,0,2022-04-17 06:50:57+00:00
167,"One man army. Ed Sheeran

Sensitive Content ASF  
 
 
#hood #hoodfights #knockout #KO #trending
#fightvideos  https://t.co/UhgdAzY6BK",5,0,2022-04-17 06:50:09+00:00
168,"Them bitches

Sensitive Content ASF  
 
 
#hood #hoodfights #knockout #KO #trending
#fightvideos #fight #fights  https://t.co/W8DMXNNbjD",168,4,2022-04-17 06:48:27+00:00
169,"Never be soft

Sensitive Content ASF  
 
 
#hood #hoodfights #knockout #KO #trending
#fightvideos #fight #fights  https://t.co/IOixCVhbs7",9,0,2022-04-17 06:47:54+00:00
170,"He knocked them all down. No body got injured

Sensitive Content ASF  
 
 
#hood #hoodfights #knockout #KO  https://t.co/wk7tFbghoT",38,7,2022-04-17 06:45:08+00:00
171,"At the mall

Sensitive Content ASF  
 
 
#hood #hoodfights #knockout #KO #trending
#fightvideos #fight #fights  https://t.co/Zcs7VXcvOy",6,0,2022-04-17 06:43:01+00:00
172,"WWE style

Sensitive Content ASF  
 
 
#hood #hoodfights #knockout #KO #trending
#fightvideos #fight #fights  https://t.co/iE6U3KOjuN",14,0,2022-04-17 06:36:36+00:00
173,"You give a KO you get a KO

Sensitive Content ASF  
 
 
#hood #hoodfights #knockout #KO #trending
#fightvideos  https://t.co/b0JQwgu6sK",9,0,2022-04-17 06:32:46+00:00
174,"Latin Bitches

Sensitive Content ASF  
 
 
#hood #hoodfights #knockout #KO #trending
#fightvideos #fight #fights  https://t.co/3V4yQhjYjP",4,0,2022-04-17 06:30:03+00:00
175,"Fat bitches on it

Sensitive Content ASF  
 
 
#hood #hoodfights #knockout #KO #trending
#fightvideos #fight  https://t.co/FgFE9Ip98B",17,1,2022-04-17 06:29:29+00:00
176,"A fight before he makes that arrest

Sensitive Content ASF  
 
 
#hood #hoodfights #knockout #KO #trending  https://t.co/Rvaul8PwJQ",10,0,2022-04-17 06:29:08+00:00
177,"A handshake after the fight. Respect!

Sensitive Content ASF  
 
 
#hood #hoodfights #knockout #KO #trending  https://t.co/qLYXfLh2Yu",9,0,2022-04-17 06:27:47+00:00
178,"WOW! Isaac Cruz sends Ryan Garcia ""no dancing!"" message! 

https://t.co/U2bjVsAgFr

#IsaacCruz #RyanGarcia  https://t.co/O9yh9SDxKV",2,1,2022-04-17 06:27:17+00:00
179,"Dad and son. Never disrespect your father

Sensitive Content ASF  
 
 
#hood #hoodfights #knockout #KO #trending  https://t.co/3Sgm5sRi4u",19,0,2022-04-17 06:26:32+00:00
180,"Toilet fights

Sensitive Content ASF  
 
 
#hood #hoodfights #knockout #KO #trending
#fightvideos #fight #fights  https://t.co/4kyXBoKzRw",7,1,2022-04-17 06:24:49+00:00
181,"Them bitches

Sensitive Content ASF  
 
 
#hood #hoodfights #knockout #KO #trending
#fightvideos #fight #fights  https://t.co/K63JL69LtH",11,0,2022-04-17 06:24:25+00:00
182,"Bitch Fights are something else

Sensitive Content ASF  
 
 
#hood #hoodfights #knockout #KO #trending  https://t.co/zO9MTLPK9f",2,0,2022-04-17 06:23:45+00:00
183,"I love how the kick was delivered in the middle of the night

Sensitive Content ASF  
#hood #hoodfights #knockout  https://t.co/SGHnwDMtXG",35,1,2022-04-17 06:23:32+00:00
184,"The KO that sends you to hell

Sensitive Content ASF  
 
 
#hood #hoodfights #knockout #KO #trending
#fightvideos  https://t.co/qw8QGjmOUT",8,0,2022-04-17 06:22:41+00:00
185,"The man with grey hoodie is a no-go-zone

Sensitive Content ASF  
 
 
#hood #hoodfights #knockout #KO #trending  https://t.co/hAoFVRq22o",3,0,2022-04-17 06:16:16+00:00
186,This is whyyy this is my favorite show in tv #LoveafterLockup #KO https://t.co/ZtzkCdRGnd,4,0,2022-04-17 05:56:13+00:00
187,"  Add Progressive Knockout tournament format to the list of your favorite games!   

 Read more to know the differ  https://t.co/wB2f4Hfdq2",2,1,2022-04-17 05:00:23+00:00
188," Fuck The System  W/Radio  
by @Joaquin_Mazzei on #SoundCloud 
#PlayList
---------------------
#HouseMusic /  https://t.co/2zzf1WIWLw",0,0,2022-04-17 04:45:02+00:00
189,Well that fight was quick. #KO #SpenceUgas https://t.co/YnHBVzduBV,0,0,2022-04-17 02:41:04+00:00
190,"@rayoboxing got the KO within the 1st round. Clean shots!  

#boxing #PBConSHOWTIME #pbc #boxingstreams #ko",2,0,2022-04-17 02:32:37+00:00
191,Any who wanna buy this ? Low price!#cyko #ko #robfeldman https://t.co/PkrbtGaCpm,0,0,2022-04-17 01:33:46+00:00
192,"I adore this piece, and the details! It s already been shipped to a new home and I failed to make prints tho ldjdhs  https://t.co/Y35XJPKA43",4,2,2022-04-17 01:08:04+00:00
193,Currently @2chainz #KO  ,0,0,2022-04-17 00:37:39+00:00
194,KNOCKOUT: Conor Benn DESTROYS Chris Van Heerden - Fight Review!! (No Foo... https://t.co/44Mqx3K3MQ via @YouTube  https://t.co/FK7o0zM23X,2,0,2022-04-16 22:30:37+00:00
195,Good #KO BY #Benn but needs a step up in quality of opposition #BennVanHeerden https://t.co/IxxuV7uMny,0,0,2022-04-16 22:14:04+00:00
196,"UFC 

Knight ML(+140)1u 

Fialho ML(+140)1u 

Belal Muhammad ML(+150)1u 

Some underdogs on the card tonight let s  https://t.co/7I5uU9g1co",18,0,2022-04-16 22:10:07+00:00
197,"subtletaeguk

RT jjk_thv: Timelapse of Taehyung playing with his phone   throughout the vlive and yeeting it after  https://t.co/a5EcXMb4qI",0,0,2022-04-16 22:07:29+00:00
198," Conor benn a beast at welterweight  

#conorbenn #DAZN #boxing #fight #Errol #garcia #ko https://t.co/8ywkB6U4nu",10,0,2022-04-16 21:35:30+00:00
199,Boom! @ConorNigel   #ko #boxing #dazn #benn,0,0,2022-04-16 21:31:10+00:00
200,Good luck tonight to the main man @ConorNigel  #KO #Irons https://t.co/dA05oNL21k,1,0,2022-04-16 20:47:26+00:00
201,"Day 877

I want #KevinOwens #WWE #Undisputed #Universal Champion in the Main Event of #WrestleMania39 @WWE  https://t.co/s5QhzCMwRE",1,0,2022-04-16 19:07:48+00:00
202,"PaolaMJ82

RT jjk_thv: Timelapse of Taehyung playing with his phone   throughout the vlive and yeeting it after Jun  https://t.co/hnBGzRaT5T",2,1,2022-04-16 19:07:26+00:00
203," BLAST BOUNTY KO OMAHA POT LIMIT 100 BUSD GTD

THE LAST tournament of the Series, don't miss out!

 For Regular pla  https://t.co/1I1NdMjvHT",3,1,2022-04-16 15:00:29+00:00
204,"Gumslinger tip! Draw fast and aim for the head  

#mandalorian #mobilegames #gumslinger #game #gamedev #gamedevs  https://t.co/cU9XeR0gJX",4,1,2022-04-16 13:20:52+00:00
205,[Trailer] Midnight Sun / ROOK &amp; KO-KO https://t.co/rzcNtOq5H0 #ROOK #KO-KO #MidnightWorks,0,0,2022-04-16 13:15:27+00:00
206," Daily Special KO Texas Hold'em 100 BUSD GTD 

 If you crave daily action-packed tournaments, then this is for you!  https://t.co/NCSguCm14e",3,1,2022-04-16 11:00:26+00:00
207,@KnownOrigin_io just rendered 2160*3840 sequence to get them minted with #KO adding sound of #v4w_enko https://t.co/HTXClC7x4h,9,2,2022-04-16 10:23:19+00:00
208,"Ep 1433 - Scott Pilgrim Vs. The World: The Game Complete K.O. Edition Unboxing

Watch the full clip on YouTube   https://t.co/3M9Rg8fdDF",0,0,2022-04-16 10:19:35+00:00
209,Well that's another drive to #Manchester completed safely &amp; now for some #PreMatch before the walk down  https://t.co/JWzBXhyo7c,2,1,2022-04-16 10:02:45+00:00
210,jollibogs #complete #lahams #ko #kayo . https://t.co/deUcPjCsiC,20,10,2022-04-16 07:34:05+00:00
211,rere #ko https://t.co/YzI0dziMML,2,0,2022-04-16 07:16:30+00:00
212,#LFA129 Results: @Wali18Max def. Thomas Petersen via #KO (Punches) at 4:53 of Round 3 to become the #andNEW  https://t.co/5EVpec8zbX,2,1,2022-04-16 07:10:54+00:00
213," Satellite to BLAST BOUNTY KO 100 BUSD GTD 

   Daily, every 4 hours
  01:30/05:30/13:30/17:30/21:30 (GMT+8)

 Fr  https://t.co/tismAeNBhB",5,2,2022-04-16 04:00:22+00:00
214,"Subscribe To Gogovibez On YouTube And Get Latest Freestyle On Roads 

#joeyak #oak #hyena #ko #grmdaily #ld  https://t.co/0KBwFdCLtv",0,1,2022-04-16 01:49:31+00:00
215,"Art of Scrap 4 Live Stream for Free!
  Broadcast on: https://t.co/8qHGoQS8ce

AOS IS A SANCTIONED PRO/AM FIGHT SHOW  https://t.co/aXTRAzrQrx",0,0,2022-04-15 23:03:38+00:00
216,"Thoughts  
#KO #Knockout #Streetfight #fight #fightvids #fightvideos #hoodfights #hoodfight 
#fightpage #fights  https://t.co/bFYxG5lfUt",186,11,2022-04-15 21:24:33+00:00
217,https://t.co/bM1p7CLQ0H if you want to support me you can use this epicstore code RBR #ilkerrbr #best #sim  https://t.co/qGS6YIO2iA,2,2,2022-04-15 20:48:13+00:00
218,"Rayo Valenzuela @rayoboxing  RIPPED! Vargas in crazy shape! Who takes it?! 

https://t.co/68lGEMeoNl  https://t.co/vspex9uCUS",2,0,2022-04-15 19:50:10+00:00
219,"10 PACK ABS! Spence vs Ugas shredded at final weigh ins! 

https://t.co/RAST7g56jv

#ErrolSpence #YordenisUgas  https://t.co/A2LZSZCr9d",1,0,2022-04-15 19:02:21+00:00
220,"Day 876

I want #KevinOwens #WWE #Undisputed #Universal Champion in the Main Event of #WrestleMania39 @WWE  https://t.co/wbxgAPoijQ",0,0,2022-04-15 19:00:17+00:00
221,"OVERWEIGHT! Isaac Cruz misses weight buy a pound! 

https://t.co/HbHiS0keM8

#IsaacCruz #YuriorkisGamboa  https://t.co/wdMybPFSwF",1,0,2022-04-15 18:57:13+00:00
222,"How I feel walking in the gym on sparring days 

#Boxing #Boxer #Champ #Champion #KO #Knockout #Sparring #Deebo  https://t.co/f86HxoICRO",2,0,2022-04-15 18:39:31+00:00
223,"Reminding everyone - if you don t use Patreon - I offer Ko-Fi memberships! 
$1, $5, $10 tiers available offering ex  https://t.co/MWIqNQ1Usl",0,0,2022-04-15 17:23:35+00:00
224,"friends cat has been feeling sick and needs surgery link is https://t.co/DNWc0L9deh  
#GoFundMe #cathelp #Ko-fi  https://t.co/aQ2uEVoAjJ",0,0,2022-04-15 16:33:51+00:00
225," BLAST BOUNTY KO TEXAS HOLDEM 100 BUSD GTD 

 For Regular players and Elite NFT holders! 
   Daily 00:00 GMT+8

  https://t.co/DhkUJ7ZfAh",3,1,2022-04-15 15:00:26+00:00
226,watch Canelo vs Bivol May 7 on https://t.co/pLu3Y14MPb and win Playstation 5 #Canelo #canelo #Canelones #canelones  https://t.co/kmjhekzyfe,1,0,2022-04-15 14:43:02+00:00
227,I m doing PWYW traditional sketch commissions over on Ko-fi if anyone is interested   #Ko-fi #commissionsopen #art #sketch,6,3,2022-04-15 14:13:43+00:00
228,"Improving your knockout game with the correct diet and training - with Elliot Whale.

Watch the full interview here  https://t.co/KnX0FLLNEo",0,0,2022-04-15 13:30:06+00:00
229,[Trailer] Midnight Sun / ROOK &amp; KO-KO https://t.co/rzcNtO7WsS #ROOK #KO-KO #MidnightWorks,0,0,2022-04-15 13:15:28+00:00
230," Daily Special KO Texas Hold'em 100 BUSD GTD

 If you crave daily action-packed tournaments, then this is for you!  https://t.co/yBasX8R6mx",1,0,2022-04-15 12:00:28+00:00
231,"Vs. Kushala, Round 2. But this time the Kinsect tagged in. #KO #PS4share

https://t.co/mNndbzpMN1 https://t.co/lhc7SMDUw3",0,0,2022-04-15 11:10:29+00:00
232," Satellite to BLAST BOUNTY KO 100 BUSD GTD 

   Daily, every 4 hours
  01:30/05:30/13:30/17:30/21:30 (GMT+8)

 Fr  https://t.co/KvQfB91j7d",2,0,2022-04-15 09:00:20+00:00
233,"If you enjoy what I do, please support me on Ko-fi!  https://t.co/FOzTy9MwuL #mhhsbd #ncuk #craftbizparty #ko-fi",3,3,2022-04-15 08:24:53+00:00
234,"My #SportsReport on @Twitter 

37 years ago today on this day
in #History ( April 15th 1985 )

#Marvelous (Marvin H  https://t.co/fCQUStFBWV",0,0,2022-04-15 04:28:03+00:00
235,@vvvvvvvv5557676's account is temporarily unavailable because it violates the Twitter Media Policy. Learn more.,0,251,2022-04-15 00:43:28+00:00
236,"@KevinWPage Still need to run it through Depth-aware interpolation, and blend in another version of the vqgan-clip  https://t.co/yuGexRTef1",0,1,2022-04-15 00:04:45+00:00
237,These workouts this week got me feeling wrecked #KO,1,0,2022-04-14 23:31:43+00:00
238,"WOW! ""Trying to lose 35 pounds in 8 weeks!"" Errol Spence on camp for Shawn Porter compared to Yordenis Ugas!  https://t.co/eXYw8kTuxL",1,0,2022-04-14 22:47:29+00:00
239,"EASY WORK! ""One of my best fights was against southpaws!""  Yordenis Ugas talks Errol Spence southpaw style!  https://t.co/Mn54RIOKx2",1,0,2022-04-14 22:04:16+00:00
240,"""He (Spence) will never be like (he was with) Shawn Porter!""  Ismael Salas prays for best Errol Spence!  https://t.co/wn8pJwPMTi",1,0,2022-04-14 21:34:51+00:00
241,"10th January 1963 - Chicago, Illinois

This leopard was actually alive when this pic was taken, it was just too sca  https://t.co/rTkJiUC085",3,1,2022-04-14 21:15:29+00:00
242,"Winston   Eva

0 - 1

#jinek #ko",6,0,2022-04-14 20:39:37+00:00
243,"We are pleased to announce we are part of the press for all red carpet events, Academy Awards, events &amp; parties. Th  https://t.co/JRD3KuRK42",1,0,2022-04-14 19:50:46+00:00
244,"Day 875

I want #KevinOwens #WWE #Undisputed #Universal Champion in the Main Event of #WrestleMania39 @WWE  https://t.co/QM8JDWc6jI",0,0,2022-04-14 18:50:35+00:00
245,https://t.co/RMeCTXKity if you want to support me you can use this epicstore code RBR #ilkerrbr #best #sim  https://t.co/96ecGhyhZf,2,2,2022-04-14 17:32:18+00:00
246,"Lets normalize beating the shit out of children  

#schoolfights #girlfights #fights #hoodfights #fight #girlfight  https://t.co/VGam4YiAsh",4087,251,2022-04-14 17:23:05+00:00
247,"LIFE  @TwitterSpaces  happening right now! 

Join  @LIFE  x  @KnownOrigin_io  + #KO ambassadors in the space. 

  https://t.co/YUUb6uXr6Z",1,0,2022-04-14 17:09:02+00:00
248,Hero stops a criminal from kidnapping a woman. https://t.co/tDdkIiBDuE #karen #memes #karenmemes #meme #funny  https://t.co/MpgDbE8Nlq,2,0,2022-04-14 16:05:07+00:00
249,He thought he was all that #chav #jokes #flung #funny 18+ #embarrassing #ko #fight https://t.co/0wivQi33kM,9,0,2022-04-14 15:58:23+00:00
250,"Have you signed up for our amazing kickstarter @kiwithesmol 

#Kickstarter #suu #MonsterMusume #slime #Ko-fi  https://t.co/iZxyVImaBU",2,0,2022-04-14 15:51:18+00:00
251,Disgusting IDIOTS are forced to pick up dirty DIAPERS they littered after being confronted. https://t.co/DSerJa5pGg  https://t.co/YuvgnbrtTW,1,0,2022-04-14 15:05:37+00:00
252,"$KO

$STO KO 63 call 4/22/2022 @ 2.46 #algotrade #roybatyalgo #KO

View Details
https://t.co/m8HsiIDAee",1,0,2022-04-14 14:51:37+00:00
253," BLAST BOUNTY KO OMAHA POT LIMIT 100 BUSD GTD 

 For Regular players and Elite NFT holders! 
   Daily 00:00 GMT+8  https://t.co/uMdkv5aBmC",2,0,2022-04-14 14:30:26+00:00
254,Pete (Randolph) Best is a cool guy. He was the first drummer for The Beatles. We chatted and talked about bands for  https://t.co/YS5LeUUHjF,1,0,2022-04-14 14:20:16+00:00
255,Pete (Randolph) Best is a cool guy. He was the first drummer for The Beatles. We chatted and talked about bands for  https://t.co/OAosI6KYyX,1,0,2022-04-14 14:19:30+00:00
256,Pete (Randolph) Best is a cool guy. He was the first drummer for The Beatles. We chatted and talked about bands for  https://t.co/qqxGkIhkg6,7,2,2022-04-14 14:18:53+00:00
257,ANGRY weatherman FLIPS OUT ON his coworkers LIVE ON-AIR.  https://t.co/HxFJhjTIfO #karen #memes #karenmemes #meme  https://t.co/XrzPL5wxhR,0,0,2022-04-14 14:05:21+00:00
258,MOVE OVER Mark Rober: Guy booby traps his truck to prevent robbery. https://t.co/VyRL5xYSZq #karen #memes  https://t.co/1bU1HJwR5y,0,0,2022-04-14 14:05:20+00:00
259,"Stocks to Watch
by West Coast Traders
#TGT
#HSY
#KO
#DOW
#BBWI",0,0,2022-04-14 13:38:05+00:00
260,[Trailer] Midnight Sun / ROOK &amp; KO-KO https://t.co/rzcNtO7WsS #ROOK #KO-KO #MidnightWorks,0,0,2022-04-14 13:15:27+00:00
261,WATCH! As this KAREN'S MAGAnificent anti-gay RANT ruins her life. https://t.co/wR1WsXmOa9 #karen #memes #karenmemes  https://t.co/IMh1sztyh4,1,0,2022-04-14 13:05:16+00:00
262,Russia vs Ukraine: Someone projects the Ukrainian flag on Russian Embassy in DC. https://t.co/r6UfFtnUth #karen  https://t.co/cVAPl42rSh,1,0,2022-04-14 12:05:46+00:00
263,WHO'S WRONG HERE? Off duty cop vs citizen. https://t.co/y9NmEDLjpT #karen #memes #karenmemes #meme #funny #karens  https://t.co/hXlEeV8oTC,1,0,2022-04-14 12:05:46+00:00
264,Frank James the subway shooter goes on racist rant on Youtube days before mass shooting. https://t.co/oiSoK7fWNb  https://t.co/a3SVir6abC,2,0,2022-04-14 11:05:16+00:00
265,might close this account soon #Mamimiss #Ko #Kayo  ,0,0,2022-04-14 10:13:53+00:00
266,FAMOUS RAPPER REVEALS HE WISHES HE WAS A SLAVE!! SENDS BLACK PEOPLE BACK 400 YEARS. https://t.co/f0Mx9G5tIO #karen  https://t.co/oOfvNppHX4,3,0,2022-04-14 09:05:28+00:00
267,THE humble HERO who helped apprehend the Brooklyn Subway Shooting Suspect. https://t.co/N4GK87HUZS #karen #memes  https://t.co/tdRovgG3iO,0,1,2022-04-14 08:05:39+00:00
